ann_id,orientation,n_painted,n_found,tape_verdict,injected_verdict,gt_swapped,n_marker_scored,n_unassigned,n_ambiguous,n_gross_miss
183125,FRONT,3,3,CORRECT,SWAPPED,0,3,0,0,0
183301,OBLIQUE,4,4,CORRECT,SWAPPED,0,4,0,0,0
183349,FRONT,4,4,CORRECT,SWAPPED,0,4,0,0,0
183352,REAR,3,3,CORRECT,SWAPPED,0,3,0,0,0
183458,REAR,4,4,CORRECT,SWAPPED,0,4,0,0,0
183464,REAR,2,2,CORRECT,SWAPPED,0,2,0,0,0
183471,FRONT,2,2,CORRECT,SWAPPED,0,2,0,0,0
183598,FRONT,2,2,CORRECT,SWAPPED,0,2,0,0,0
183695,REAR,3,3,CORRECT,SWAPPED,0,1,0,1,1
183777,OBLIQUE,4,4,CORRECT,SWAPPED,0,4,0,0,0
183778,OBLIQUE,4,4,CORRECT,SWAPPED,0,3,0,1,0
183831,FRONT,1,1,CORRECT,SWAPPED,0,1,0,0,0
183910,FRONT,4,4,CORRECT,SWAPPED,0,3,0,1,0
184031,FRONT,4,4,CORRECT,SWAPPED,0,4,0,0,0
184136,REAR,2,1,CORRECT,SWAPPED,0,1,0,0,0
184170,FRONT,2,2,CORRECT,SWAPPED,0,2,0,0,0
184179,FRONT,2,2,CORRECT,SWAPPED,0,2,0,0,0
184316,FRONT,3,3,CORRECT,SWAPPED,0,3,0,0,0
184397,FRONT,3,3,CORRECT,SWAPPED,0,2,0,1,0
184586,FRONT,4,4,CORRECT,SWAPPED,0,4,0,0,0
185090,FRONT,4,4,CORRECT,SWAPPED,0,2,0,1,1
185120,REAR,2,2,CORRECT,SWAPPED,0,2,0,0,0
185430,REAR,3,3,CORRECT,SWAPPED,0,3,0,0,0
186004,FRONT,4,4,CORRECT,SWAPPED,0,4,0,0,0
186032,FRONT,2,2,CORRECT,SWAPPED,0,2,0,0,0
186054,FRONT,4,4,CORRECT,SWAPPED,0,4,0,0,0
186234,FRONT,3,3,CORRECT,SWAPPED,0,3,0,0,0
186421,OBLIQUE,4,4,CORRECT,SWAPPED,0,2,0,2,0
186489,FRONT,4,4,CORRECT,SWAPPED,0,2,0,2,0
186530,PROFILE,4,4,CORRECT,SWAPPED,0,4,0,0,0
186645,FRONT,4,4,CORRECT,SWAPPED,0,3,0,1,0
186758,OBLIQUE,3,3,CORRECT,SWAPPED,0,1,0,2,0
186786,OBLIQUE,3,3,CORRECT,SWAPPED,0,1,0,2,0
186932,REAR,1,1,CORRECT,SWAPPED,0,1,0,0,0
187166,OBLIQUE,3,3,CORRECT,SWAPPED,0,1,0,2,0
187444,REAR,2,2,CORRECT,SWAPPED,0,1,0,1,0
187448,OBLIQUE,2,2,CORRECT,SWAPPED,0,1,0,1,0
187457,FRONT,4,4,CORRECT,SWAPPED,0,4,0,0,0
187509,FRONT,2,3,CORRECT,SWAPPED,0,1,0,0,2
187761,FRONT,3,3,CORRECT,SWAPPED,0,2,0,1,0
187996,FRONT,4,4,CORRECT,SWAPPED,0,4,0,0,0
188176,OBLIQUE,2,3,NO_SIGNAL,NO_SIGNAL,0,0,0,1,2
188309,FRONT,3,3,CORRECT,SWAPPED,0,3,0,0,0
188447,FRONT,3,3,CORRECT,SWAPPED,0,1,0,0,2
188585,FRONT,2,2,CORRECT,SWAPPED,0,2,0,0,0
188853,OBLIQUE,3,3,CORRECT,SWAPPED,0,3,0,0,0
189022,REAR,3,3,CORRECT,SWAPPED,0,3,0,0,0
189717,FRONT,2,2,CORRECT,SWAPPED,0,2,0,0,0
189976,FRONT,2,2,CORRECT,SWAPPED,0,2,0,0,0
190054,REAR,4,4,CORRECT,SWAPPED,0,4,0,0,0
190980,FRONT,2,3,CORRECT,SWAPPED,0,2,0,0,1
191020,REAR,4,4,CORRECT,SWAPPED,0,4,0,0,0
191201,OBLIQUE,3,3,CORRECT,SWAPPED,0,3,0,0,0
191374,OBLIQUE,2,2,CORRECT,SWAPPED,0,2,0,0,0
191529,REAR,3,3,NO_SIGNAL,NO_SIGNAL,0,0,0,2,1
191766,FRONT,4,4,CORRECT,SWAPPED,0,4,0,0,0
191770,OBLIQUE,3,3,CORRECT,SWAPPED,0,3,0,0,0
191789,FRONT,1,1,NO_SIGNAL,NO_SIGNAL,0,0,0,1,0
191818,FRONT,4,4,CORRECT,SWAPPED,0,4,0,0,0
192465,FRONT,4,4,CORRECT,SWAPPED,0,2,0,2,0
192816,OBLIQUE,2,2,CORRECT,SWAPPED,0,2,0,0,0
192858,FRONT,4,4,CORRECT,SWAPPED,0,4,0,0,0
193457,OBLIQUE,1,1,CORRECT,SWAPPED,0,1,0,0,0
193774,REAR,2,2,CORRECT,SWAPPED,0,2,0,0,0
193826,REAR,3,3,CORRECT,SWAPPED,0,2,0,0,1
193845,FRONT,4,4,CORRECT,SWAPPED,0,4,0,0,0
193940,OBLIQUE,2,2,CORRECT,SWAPPED,0,2,0,0,0
194035,REAR,3,3,CORRECT,SWAPPED,0,3,0,0,0
194096,FRONT,3,3,CORRECT,SWAPPED,0,3,0,0,0
194291,FRONT,2,2,CORRECT,SWAPPED,0,2,0,0,0
194525,FRONT,2,2,NO_SIGNAL,NO_SIGNAL,0,0,0,2,0
195510,OBLIQUE,2,2,CORRECT,SWAPPED,0,1,0,1,0
195915,REAR,2,2,NO_SIGNAL,NO_SIGNAL,1,0,0,2,0
196121,FRONT,4,4,CORRECT,SWAPPED,0,4,0,0,0
196144,OBLIQUE,4,4,CORRECT,SWAPPED,0,2,0,2,0
196172,FRONT,3,3,CORRECT,SWAPPED,0,2,0,1,0
196520,OBLIQUE,3,3,CORRECT,SWAPPED,0,2,0,1,0
196583,FRONT,4,4,CORRECT,SWAPPED,0,3,0,1,0
197055,FRONT,1,1,CORRECT,SWAPPED,0,1,0,0,0
197203,FRONT,2,2,CORRECT,SWAPPED,0,2,0,0,0
197249,PROFILE,3,3,CORRECT,SWAPPED,0,2,0,0,1
197377,FRONT,1,2,NO_SIGNAL,NO_SIGNAL,0,0,0,1,1
197380,OBLIQUE,4,4,CORRECT,SWAPPED,0,4,0,0,0
197529,REAR,2,2,CORRECT,SWAPPED,0,2,0,0,0
197843,REAR,3,3,CORRECT,SWAPPED,0,1,0,2,0
198115,FRONT,4,4,CORRECT,SWAPPED,0,4,0,0,0
198284,FRONT,3,3,CORRECT,SWAPPED,0,2,0,1,0
198467,FRONT,2,2,CORRECT,SWAPPED,0,2,0,0,0
198826,OBLIQUE,4,3,NO_SIGNAL,NO_SIGNAL,0,0,0,3,0
198910,PROFILE,2,2,NO_SIGNAL,NO_SIGNAL,0,0,0,0,2
199266,FRONT,4,4,CORRECT,SWAPPED,0,4,0,0,0
199269,FRONT,3,3,CORRECT,SWAPPED,0,3,0,0,0
199770,REAR,4,4,CORRECT,SWAPPED,0,2,0,2,0
199991,PROFILE,2,2,CORRECT,SWAPPED,0,1,0,1,0
200090,FRONT,4,4,CORRECT,SWAPPED,0,4,0,0,0
200190,REAR,2,2,CORRECT,SWAPPED,0,2,0,0,0
200681,FRONT,3,3,CORRECT,SWAPPED,0,3,0,0,0
200685,OBLIQUE,4,4,CORRECT,SWAPPED,0,4,0,0,0
200887,OBLIQUE,2,2,CORRECT,SWAPPED,0,2,0,0,0
200893,FRONT,1,1,CORRECT,SWAPPED,0,1,0,0,0
200956,OBLIQUE,4,4,CORRECT,SWAPPED,0,3,0,0,1
200974,OBLIQUE,3,3,NO_SIGNAL,NO_SIGNAL,0,0,0,3,0
201291,FRONT,4,4,CORRECT,SWAPPED,0,2,0,2,0
201332,FRONT,2,2,CORRECT,SWAPPED,0,1,0,0,1
201376,OBLIQUE,4,4,CORRECT,SWAPPED,0,4,0,0,0
201384,OBLIQUE,3,3,CORRECT,SWAPPED,0,3,0,0,0
201643,FRONT,2,2,CORRECT,SWAPPED,0,2,0,0,0
201781,REAR,2,2,CORRECT,SWAPPED,0,1,0,0,1
202280,FRONT,2,2,CORRECT,SWAPPED,0,2,0,0,0
202348,REAR,2,2,CORRECT,SWAPPED,0,2,0,0,0
202402,FRONT,4,4,CORRECT,SWAPPED,0,4,0,0,0
202487,FRONT,2,3,NO_SIGNAL,NO_SIGNAL,0,0,0,0,3
202891,FRONT,3,3,CORRECT,SWAPPED,0,3,0,0,0
203512,REAR,1,1,CORRECT,SWAPPED,0,1,0,0,0
203611,OBLIQUE,3,3,CORRECT,SWAPPED,0,3,0,0,0
203803,FRONT,1,1,CORRECT,SWAPPED,0,1,0,0,0
204017,PROFILE,3,3,CORRECT,SWAPPED,0,2,0,1,0
204112,FRONT,4,4,CORRECT,SWAPPED,0,4,0,0,0
204595,REAR,3,3,CORRECT,SWAPPED,0,3,0,0,0
205158,FRONT,4,4,CORRECT,SWAPPED,0,2,0,2,0
205190,OBLIQUE,3,3,CORRECT,SWAPPED,0,3,0,0,0
205732,FRONT,2,2,CORRECT,SWAPPED,0,2,0,0,0
205810,FRONT,4,4,CORRECT,SWAPPED,0,4,0,0,0
206166,REAR,3,3,CORRECT,SWAPPED,0,3,0,0,0
206500,OBLIQUE,3,3,CORRECT,SWAPPED,0,2,0,1,0
206924,OBLIQUE,4,4,NO_SIGNAL,NO_SIGNAL,0,0,0,4,0
206977,REAR,3,3,CORRECT,SWAPPED,0,3,0,0,0
207159,REAR,1,1,CORRECT,SWAPPED,0,1,0,0,0
207593,FRONT,2,2,CORRECT,SWAPPED,0,1,0,1,0
207834,OBLIQUE,2,2,CORRECT,SWAPPED,0,2,0,0,0
207870,PROFILE,4,4,CORRECT,SWAPPED,0,3,0,0,1
208157,PROFILE,4,4,CORRECT,SWAPPED,0,2,0,2,0
208171,FRONT,4,4,CORRECT,SWAPPED,0,4,0,0,0
209074,FRONT,4,4,CORRECT,SWAPPED,0,4,0,0,0
209358,REAR,2,2,CORRECT,SWAPPED,0,2,0,0,0
209436,REAR,1,1,CORRECT,SWAPPED,0,1,0,0,0
209965,FRONT,4,4,CORRECT,SWAPPED,0,2,0,2,0
210123,OBLIQUE,4,4,CORRECT,SWAPPED,0,2,0,2,0
210217,OBLIQUE,4,4,CORRECT,SWAPPED,0,4,0,0,0
210248,FRONT,2,2,CORRECT,SWAPPED,0,2,0,0,0
210511,OBLIQUE,2,2,NO_SIGNAL,NO_SIGNAL,0,0,0,2,0
210782,REAR,1,1,CORRECT,SWAPPED,0,1,0,0,0
210852,FRONT,3,3,CORRECT,SWAPPED,0,3,0,0,0
211337,FRONT,2,2,CORRECT,SWAPPED,0,2,0,0,0
212027,REAR,1,1,CORRECT,SWAPPED,0,1,0,0,0
212196,FRONT,1,1,CORRECT,SWAPPED,0,1,0,0,0
212652,PROFILE,4,4,CORRECT,SWAPPED,0,4,0,0,0
212801,PROFILE,4,4,CORRECT,SWAPPED,0,4,0,0,0
212964,OBLIQUE,4,4,CORRECT,SWAPPED,0,2,0,2,0
213111,REAR,4,4,CORRECT,SWAPPED,0,4,0,0,0
213169,OBLIQUE,3,3,CORRECT,SWAPPED,0,3,0,0,0
213188,REAR,2,2,CORRECT,SWAPPED,0,2,0,0,0
213600,REAR,1,1,CORRECT,SWAPPED,0,1,0,0,0
213949,REAR,2,3,NO_SIGNAL,NO_SIGNAL,0,0,0,1,2
214122,FRONT,3,3,CORRECT,SWAPPED,0,3,0,0,0
214252,FRONT,2,2,CORRECT,SWAPPED,0,2,0,0,0
214254,FRONT,1,1,NO_SIGNAL,NO_SIGNAL,0,0,0,1,0
214333,FRONT,2,2,CORRECT,SWAPPED,0,2,0,0,0
214463,OBLIQUE,2,2,CORRECT,SWAPPED,0,1,0,0,1
214561,PROFILE,4,4,CORRECT,SWAPPED,0,4,0,0,0
214750,OBLIQUE,3,3,CORRECT,SWAPPED,0,3,0,0,0
215168,FRONT,3,3,CORRECT,SWAPPED,0,3,0,0,0
215456,OBLIQUE,1,1,CORRECT,SWAPPED,0,1,0,0,0
215557,FRONT,3,3,CORRECT,SWAPPED,0,3,0,0,0
216341,FRONT,3,3,CORRECT,SWAPPED,0,2,0,1,0
216406,OBLIQUE,3,3,CORRECT,SWAPPED,0,3,0,0,0
216588,PROFILE,4,4,CORRECT,SWAPPED,0,4,0,0,0
216643,OBLIQUE,2,2,CORRECT,SWAPPED,0,2,0,0,0
217097,PROFILE,3,3,CORRECT,SWAPPED,0,3,0,0,0
217289,OBLIQUE,2,2,NO_SIGNAL,NO_SIGNAL,0,0,0,0,2
217633,REAR,3,3,CORRECT,SWAPPED,0,3,0,0,0
217758,REAR,3,3,CORRECT,SWAPPED,0,1,0,2,0
217773,FRONT,2,2,CORRECT,SWAPPED,0,2,0,0,0
217888,REAR,1,1,CORRECT,SWAPPED,0,1,0,0,0
218627,FRONT,3,3,CORRECT,SWAPPED,0,3,0,0,0
219454,FRONT,3,3,CORRECT,SWAPPED,0,3,0,0,0
220590,FRONT,3,3,CORRECT,SWAPPED,0,3,0,0,0
220687,FRONT,2,2,CORRECT,SWAPPED,0,2,0,0,0
220854,FRONT,2,2,CORRECT,SWAPPED,0,2,0,0,0
220963,FRONT,4,4,CORRECT,SWAPPED,0,4,0,0,0
221034,FRONT,2,2,CORRECT,SWAPPED,0,1,0,1,0
221149,FRONT,3,3,CORRECT,SWAPPED,0,3,0,0,0
221622,REAR,2,2,CORRECT,SWAPPED,0,2,0,0,0
221624,FRONT,3,3,CORRECT,SWAPPED,0,2,0,1,0
221883,REAR,2,2,CORRECT,SWAPPED,0,2,0,0,0
222088,OBLIQUE,3,3,CORRECT,SWAPPED,0,2,0,1,0
222384,FRONT,3,3,CORRECT,SWAPPED,0,3,0,0,0
222423,OBLIQUE,4,4,CORRECT,SWAPPED,0,2,0,2,0
222432,FRONT,3,3,NO_SIGNAL,NO_SIGNAL,0,0,0,3,0
222605,FRONT,1,1,CORRECT,SWAPPED,0,1,0,0,0
222688,REAR,2,2,CORRECT,SWAPPED,0,1,0,0,1
223042,OBLIQUE,3,3,NO_SIGNAL,NO_SIGNAL,0,0,0,3,0
223326,REAR,1,1,CORRECT,SWAPPED,0,1,0,0,0
223891,FRONT,4,4,CORRECT,SWAPPED,0,4,0,0,0
224536,REAR,4,4,CORRECT,SWAPPED,0,4,0,0,0
225264,OBLIQUE,3,3,CORRECT,SWAPPED,0,1,0,1,1
225403,FRONT,2,2,NO_SIGNAL,NO_SIGNAL,0,0,0,1,1
225442,FRONT,3,3,CORRECT,SWAPPED,0,3,0,0,0
225494,FRONT,4,4,CORRECT,SWAPPED,0,4,0,0,0
226563,PROFILE,3,3,CORRECT,SWAPPED,0,3,0,0,0
227386,OBLIQUE,4,4,CORRECT,SWAPPED,0,4,0,0,0
227893,OBLIQUE,2,2,CORRECT,SWAPPED,0,2,0,0,0
228234,PROFILE,3,3,INCONSISTENT,INCONSISTENT,0,3,0,0,0
228672,FRONT,2,2,CORRECT,SWAPPED,0,2,0,0,0
228795,FRONT,3,3,CORRECT,SWAPPED,0,3,0,0,0
229044,OBLIQUE,1,1,NO_SIGNAL,NO_SIGNAL,0,0,0,0,1
229143,REAR,2,2,CORRECT,SWAPPED,0,2,0,0,0
230134,REAR,1,1,CORRECT,SWAPPED,0,1,0,0,0
230515,OBLIQUE,1,1,NO_SIGNAL,NO_SIGNAL,0,0,0,0,1
230831,PROFILE,4,4,CORRECT,SWAPPED,0,1,0,3,0
231268,OBLIQUE,2,2,NO_SIGNAL,NO_SIGNAL,0,0,0,2,0
232029,OBLIQUE,2,2,CORRECT,SWAPPED,0,2,0,0,0
232610,FRONT,4,4,CORRECT,SWAPPED,0,4,0,0,0
232781,FRONT,2,2,CORRECT,SWAPPED,0,2,0,0,0
233668,REAR,4,4,CORRECT,SWAPPED,0,4,0,0,0
233745,FRONT,3,3,CORRECT,SWAPPED,0,3,0,0,0
233799,PROFILE,2,2,NO_SIGNAL,NO_SIGNAL,0,0,0,2,0
233900,FRONT,2,2,CORRECT,SWAPPED,0,2,0,0,0
234292,REAR,2,2,CORRECT,SWAPPED,0,2,0,0,0
234594,FRONT,1,1,CORRECT,SWAPPED,0,1,0,0,0
234614,REAR,1,1,CORRECT,SWAPPED,0,1,0,0,0
234974,FRONT,2,2,CORRECT,SWAPPED,0,2,0,0,0
235455,FRONT,3,3,CORRECT,SWAPPED,0,1,0,2,0
235484,OBLIQUE,2,2,INCONSISTENT,INCONSISTENT,0,2,0,0,0
235660,OBLIQUE,3,3,CORRECT,SWAPPED,0,3,0,0,0
236110,OBLIQUE,3,2,CORRECT,SWAPPED,0,1,0,1,0
236416,OBLIQUE,3,2,NO_SIGNAL,NO_SIGNAL,0,0,0,2,0
236632,FRONT,2,2,CORRECT,SWAPPED,0,2,0,0,0
236688,REAR,1,1,CORRECT,SWAPPED,0,1,0,0,0
236746,REAR,1,1,CORRECT,SWAPPED,0,1,0,0,0
236826,OBLIQUE,3,3,CORRECT,SWAPPED,0,3,0,0,0
236973,REAR,2,2,CORRECT,SWAPPED,0,1,0,1,0
237126,REAR,1,1,CORRECT,SWAPPED,0,1,0,0,0
237158,OBLIQUE,3,3,CORRECT,SWAPPED,0,3,0,0,0
237693,OBLIQUE,1,1,NO_SIGNAL,NO_SIGNAL,0,0,0,0,1
237810,REAR,2,2,CORRECT,SWAPPED,0,2,0,0,0
251324,FRONT,1,1,CORRECT,SWAPPED,0,1,0,0,0
251616,FRONT,4,4,CORRECT,SWAPPED,0,3,0,0,1
253389,OBLIQUE,4,4,CORRECT,SWAPPED,0,4,0,0,0
253777,FRONT,1,1,CORRECT,SWAPPED,0,1,0,0,0
253873,FRONT,4,4,CORRECT,SWAPPED,0,4,0,0,0
255092,REAR,2,2,CORRECT,SWAPPED,0,2,0,0,0
255250,PROFILE,4,4,CORRECT,SWAPPED,0,2,0,2,0
258087,FRONT,2,2,NO_SIGNAL,NO_SIGNAL,0,0,0,1,1
258665,FRONT,4,4,CORRECT,SWAPPED,0,4,0,0,0
260561,REAR,1,1,NO_SIGNAL,NO_SIGNAL,0,0,0,0,1
261088,REAR,1,1,NO_SIGNAL,NO_SIGNAL,0,0,0,0,1
261551,FRONT,2,2,CORRECT,SWAPPED,0,1,0,0,1
261724,FRONT,3,3,CORRECT,SWAPPED,0,3,0,0,0
262029,REAR,2,2,CORRECT,SWAPPED,0,1,0,1,0
262841,PROFILE,2,2,CORRECT,SWAPPED,0,2,0,0,0
265849,PROFILE,4,4,CORRECT,SWAPPED,0,3,0,1,0
266380,FRONT,4,3,CORRECT,SWAPPED,0,1,0,2,0
421203,OBLIQUE,4,4,CORRECT,SWAPPED,0,4,0,0,0
421435,OBLIQUE,3,3,CORRECT,SWAPPED,0,1,0,1,1
421452,FRONT,3,2,NO_SIGNAL,NO_SIGNAL,0,0,0,0,2
421541,REAR,4,4,CORRECT,SWAPPED,0,4,0,0,0
421551,OBLIQUE,2,2,CORRECT,SWAPPED,0,2,0,0,0
421607,FRONT,2,2,CORRECT,SWAPPED,0,2,0,0,0
421636,PROFILE,3,3,CORRECT,SWAPPED,0,3,0,0,0
421689,FRONT,2,2,CORRECT,SWAPPED,0,2,0,0,0
421757,OBLIQUE,4,4,CORRECT,SWAPPED,0,2,0,1,1
421907,OBLIQUE,4,4,CORRECT,SWAPPED,0,2,0,2,0
421918,FRONT,3,3,CORRECT,SWAPPED,0,3,0,0,0
422061,FRONT,1,1,CORRECT,SWAPPED,0,1,0,0,0
422167,OBLIQUE,3,3,CORRECT,SWAPPED,0,2,0,1,0
422313,PROFILE,4,4,CORRECT,SWAPPED,0,3,0,0,1
422400,FRONT,2,2,CORRECT,SWAPPED,0,1,0,1,0
422442,FRONT,2,2,CORRECT,SWAPPED,0,2,0,0,0
422535,FRONT,3,3,CORRECT,SWAPPED,0,3,0,0,0
422900,FRONT,4,4,CORRECT,SWAPPED,0,2,0,0,2
423037,REAR,4,4,CORRECT,SWAPPED,0,4,0,0,0
423255,FRONT,4,4,NO_SIGNAL,NO_SIGNAL,0,0,0,0,4
423295,OBLIQUE,4,4,CORRECT,SWAPPED,0,4,0,0,0
423444,PROFILE,4,4,CORRECT,SWAPPED,0,4,0,0,0
423477,FRONT,4,4,CORRECT,SWAPPED,0,4,0,0,0
423513,REAR,3,3,CORRECT,SWAPPED,0,3,0,0,0
423534,FRONT,2,2,CORRECT,SWAPPED,0,1,0,0,1
423685,FRONT,1,1,NO_SIGNAL,NO_SIGNAL,0,0,0,1,0
424068,FRONT,3,3,CORRECT,SWAPPED,0,3,0,0,0
424092,FRONT,4,4,CORRECT,SWAPPED,0,4,0,0,0
424293,FRONT,3,3,CORRECT,SWAPPED,0,3,0,0,0
424416,FRONT,2,2,CORRECT,SWAPPED,0,2,0,0,0
424655,FRONT,4,4,CORRECT,SWAPPED,0,4,0,0,0
424714,FRONT,3,3,CORRECT,SWAPPED,0,2,0,0,1
424746,FRONT,4,4,CORRECT,SWAPPED,0,4,0,0,0
424821,FRONT,3,3,CORRECT,SWAPPED,0,3,0,0,0
424921,FRONT,4,4,CORRECT,SWAPPED,0,4,0,0,0
424939,REAR,4,4,CORRECT,SWAPPED,0,2,0,2,0
424966,FRONT,3,3,CORRECT,SWAPPED,0,2,0,0,1
425124,FRONT,4,4,CORRECT,SWAPPED,0,3,0,1,0
425188,PROFILE,4,4,CORRECT,SWAPPED,0,3,0,1,0
425291,FRONT,4,4,CORRECT,SWAPPED,0,4,0,0,0
425326,FRONT,3,3,CORRECT,SWAPPED,0,3,0,0,0
425362,PROFILE,2,2,CORRECT,SWAPPED,0,1,0,0,1
425370,FRONT,3,3,CORRECT,SWAPPED,0,1,0,2,0
425488,FRONT,4,4,INCONSISTENT,INCONSISTENT,0,4,0,0,0
425686,FRONT,2,3,CORRECT,SWAPPED,0,1,0,0,2
425691,FRONT,4,4,CORRECT,SWAPPED,0,3,0,1,0
425720,FRONT,4,4,INCONSISTENT,INCONSISTENT,0,4,0,0,0
425818,REAR,4,4,CORRECT,SWAPPED,0,4,0,0,0
425988,FRONT,2,2,CORRECT,SWAPPED,0,2,0,0,0
426225,OBLIQUE,3,3,CORRECT,SWAPPED,0,3,0,0,0
426279,FRONT,4,4,CORRECT,SWAPPED,0,4,0,0,0
426491,FRONT,4,4,CORRECT,SWAPPED,0,4,0,0,0
426612,REAR,3,3,CORRECT,SWAPPED,0,3,0,0,0
426907,REAR,4,4,INCONSISTENT,INCONSISTENT,0,4,0,0,0
426985,REAR,4,4,CORRECT,SWAPPED,0,4,0,0,0
427080,FRONT,2,2,CORRECT,SWAPPED,0,2,0,0,0
427270,OBLIQUE,4,4,CORRECT,SWAPPED,0,4,0,0,0
427342,FRONT,4,4,CORRECT,SWAPPED,0,4,0,0,0
427370,FRONT,3,3,CORRECT,SWAPPED,0,3,0,0,0
427431,REAR,3,3,CORRECT,SWAPPED,0,2,0,1,0
427472,REAR,2,2,CORRECT,SWAPPED,0,2,0,0,0
427977,FRONT,4,4,CORRECT,SWAPPED,0,3,0,1,0
428121,FRONT,4,4,CORRECT,SWAPPED,0,4,0,0,0
428181,FRONT,4,4,CORRECT,SWAPPED,0,4,0,0,0
428327,PROFILE,3,3,CORRECT,SWAPPED,0,3,0,0,0
428339,FRONT,2,2,CORRECT,SWAPPED,0,1,0,0,1
428410,FRONT,4,4,CORRECT,SWAPPED,0,4,0,0,0
428508,FRONT,4,4,CORRECT,SWAPPED,0,4,0,0,0
428523,FRONT,3,3,CORRECT,SWAPPED,0,3,0,0,0
428597,FRONT,4,4,CORRECT,SWAPPED,0,3,0,1,0
428692,FRONT,4,4,CORRECT,SWAPPED,0,4,0,0,0
428705,OBLIQUE,2,2,CORRECT,SWAPPED,0,2,0,0,0
428916,OBLIQUE,4,4,CORRECT,SWAPPED,0,4,0,0,0
429137,FRONT,2,2,CORRECT,SWAPPED,0,1,0,0,1
429154,FRONT,4,4,CORRECT,SWAPPED,0,1,0,0,3
429200,FRONT,4,4,CORRECT,SWAPPED,0,4,0,0,0
429411,REAR,2,2,CORRECT,SWAPPED,0,2,0,0,0
429662,OBLIQUE,2,2,CORRECT,SWAPPED,0,1,0,1,0
429678,OBLIQUE,2,2,NO_SIGNAL,NO_SIGNAL,0,0,0,2,0
429749,REAR,2,2,CORRECT,SWAPPED,0,2,0,0,0
429874,FRONT,4,4,CORRECT,SWAPPED,0,4,0,0,0
429906,FRONT,2,2,CORRECT,SWAPPED,0,2,0,0,0
430057,FRONT,3,3,CORRECT,SWAPPED,0,3,0,0,0
430106,FRONT,4,4,CORRECT,SWAPPED,0,4,0,0,0
430174,OBLIQUE,2,2,CORRECT,SWAPPED,0,2,0,0,0
430181,FRONT,3,3,CORRECT,SWAPPED,0,1,0,0,2
430355,OBLIQUE,4,4,CORRECT,SWAPPED,0,4,0,0,0
430413,FRONT,3,3,CORRECT,SWAPPED,0,3,0,0,0
430570,FRONT,2,2,CORRECT,SWAPPED,0,2,0,0,0
430662,FRONT,4,4,CORRECT,SWAPPED,0,3,0,0,1
430925,FRONT,4,4,CORRECT,SWAPPED,0,4,0,0,0
430983,FRONT,4,4,CORRECT,SWAPPED,0,4,0,0,0
430991,FRONT,4,4,CORRECT,SWAPPED,0,4,0,0,0
431070,OBLIQUE,4,3,CORRECT,SWAPPED,0,2,0,1,0
431114,REAR,3,3,CORRECT,SWAPPED,0,1,0,0,2
431384,FRONT,4,4,NO_SIGNAL,NO_SIGNAL,0,0,0,4,0
431398,FRONT,4,4,CORRECT,SWAPPED,0,3,0,0,1
431400,FRONT,4,4,CORRECT,SWAPPED,0,4,0,0,0
431511,OBLIQUE,4,4,CORRECT,SWAPPED,0,2,0,2,0
431516,REAR,1,1,CORRECT,SWAPPED,0,1,0,0,0
431627,PROFILE,2,2,NO_SIGNAL,NO_SIGNAL,0,0,0,1,1
431640,FRONT,2,2,CORRECT,SWAPPED,0,2,0,0,0
431674,OBLIQUE,4,4,CORRECT,SWAPPED,0,2,0,2,0
431922,FRONT,4,4,CORRECT,SWAPPED,0,4,0,0,0
431990,FRONT,1,1,CORRECT,SWAPPED,0,1,0,0,0
431999,FRONT,4,4,CORRECT,SWAPPED,0,3,0,0,1
432019,FRONT,4,4,CORRECT,SWAPPED,0,4,0,0,0
432097,FRONT,4,4,CORRECT,SWAPPED,0,4,0,0,0
432135,REAR,3,3,CORRECT,SWAPPED,0,2,0,1,0
432223,PROFILE,4,4,CORRECT,SWAPPED,0,4,0,0,0
432364,PROFILE,4,4,CORRECT,SWAPPED,0,4,0,0,0
433085,FRONT,4,4,CORRECT,SWAPPED,0,4,0,0,0
433108,FRONT,3,2,CORRECT,SWAPPED,0,2,0,0,0
433265,REAR,1,1,NO_SIGNAL,NO_SIGNAL,0,0,0,1,0
433470,FRONT,2,2,CORRECT,SWAPPED,0,2,0,0,0
433532,OBLIQUE,2,2,CORRECT,SWAPPED,0,2,0,0,0
433733,REAR,4,4,CORRECT,SWAPPED,0,4,0,0,0
433998,FRONT,2,2,CORRECT,SWAPPED,0,2,0,0,0
434191,FRONT,4,4,CORRECT,SWAPPED,0,4,0,0,0
434274,FRONT,4,4,CORRECT,SWAPPED,0,4,0,0,0
434302,OBLIQUE,1,1,CORRECT,SWAPPED,0,1,0,0,0
434471,REAR,3,3,CORRECT,SWAPPED,0,3,0,0,0
434478,FRONT,4,4,CORRECT,SWAPPED,0,4,0,0,0
434569,OBLIQUE,4,3,CORRECT,SWAPPED,0,1,0,1,1
434696,FRONT,4,4,CORRECT,SWAPPED,0,3,0,1,0
434786,OBLIQUE,4,4,CORRECT,SWAPPED,0,4,0,0,0
435069,OBLIQUE,3,3,CORRECT,SWAPPED,0,3,0,0,0
435114,FRONT,3,3,CORRECT,SWAPPED,0,3,0,0,0
435143,FRONT,4,4,CORRECT,SWAPPED,0,4,0,0,0
435295,FRONT,4,4,CORRECT,SWAPPED,0,4,0,0,0
435518,FRONT,4,4,CORRECT,SWAPPED,0,4,0,0,0
435548,REAR,2,2,CORRECT,SWAPPED,0,1,0,1,0
435593,FRONT,3,3,CORRECT,SWAPPED,0,3,0,0,0
435735,FRONT,2,2,CORRECT,SWAPPED,0,1,0,0,1
436573,OBLIQUE,4,4,CORRECT,SWAPPED,0,4,0,0,0
436723,OBLIQUE,2,2,CORRECT,SWAPPED,0,2,0,0,0
436771,REAR,4,4,SWAPPED,CORRECT,1,2,0,0,2
436867,REAR,4,4,CORRECT,SWAPPED,0,4,0,0,0
436909,OBLIQUE,3,3,CORRECT,SWAPPED,0,2,0,1,0
437148,OBLIQUE,3,3,CORRECT,SWAPPED,0,3,0,0,0
437304,OBLIQUE,4,4,CORRECT,SWAPPED,0,4,0,0,0
437440,REAR,4,3,CORRECT,SWAPPED,0,2,0,0,1
437585,OBLIQUE,4,4,CORRECT,SWAPPED,0,4,0,0,0
437827,PROFILE,4,4,CORRECT,SWAPPED,0,2,0,2,0
437859,OBLIQUE,4,4,CORRECT,SWAPPED,0,4,0,0,0
438097,OBLIQUE,3,3,CORRECT,SWAPPED,0,1,0,1,1
438300,REAR,1,1,NO_SIGNAL,NO_SIGNAL,0,0,0,1,0
438383,REAR,4,4,CORRECT,SWAPPED,0,2,0,2,0
438449,OBLIQUE,4,4,CORRECT,SWAPPED,0,4,0,0,0
438455,REAR,4,4,CORRECT,SWAPPED,0,4,0,0,0
438578,OBLIQUE,3,3,CORRECT,SWAPPED,0,1,0,0,2
438675,REAR,4,4,CORRECT,SWAPPED,0,1,0,2,1
439279,OBLIQUE,3,3,CORRECT,SWAPPED,0,3,0,0,0
439637,OBLIQUE,4,4,CORRECT,SWAPPED,0,4,0,0,0
439875,OBLIQUE,4,4,CORRECT,SWAPPED,0,3,0,1,0
440079,REAR,4,4,SWAPPED,CORRECT,1,2,0,1,1
440378,REAR,2,2,CORRECT,SWAPPED,0,2,0,0,0
440408,REAR,4,4,CORRECT,SWAPPED,0,4,0,0,0
440486,OBLIQUE,4,4,CORRECT,SWAPPED,0,2,0,0,2
440697,PROFILE,4,4,CORRECT,SWAPPED,0,4,0,0,0
440790,OBLIQUE,4,4,CORRECT,SWAPPED,0,4,0,0,0
441086,OBLIQUE,4,4,CORRECT,SWAPPED,0,4,0,0,0
441345,PROFILE,4,4,CORRECT,SWAPPED,0,3,0,0,1
441360,OBLIQUE,2,2,CORRECT,SWAPPED,0,2,0,0,0
441375,OBLIQUE,4,4,CORRECT,SWAPPED,0,4,0,0,0
441409,PROFILE,1,1,CORRECT,SWAPPED,0,1,0,0,0
441780,PROFILE,3,3,CORRECT,SWAPPED,0,3,0,0,0
441861,OBLIQUE,4,4,CORRECT,SWAPPED,0,4,0,0,0
442003,OBLIQUE,1,1,CORRECT,SWAPPED,0,1,0,0,0
442173,REAR,2,2,CORRECT,SWAPPED,0,2,0,0,0
442260,OBLIQUE,4,4,CORRECT,SWAPPED,0,4,0,0,0
442617,OBLIQUE,3,3,CORRECT,SWAPPED,0,2,0,1,0
442719,REAR,3,3,CORRECT,SWAPPED,0,3,0,0,0
442873,REAR,4,4,CORRECT,SWAPPED,0,4,0,0,0
442886,REAR,3,3,CORRECT,SWAPPED,0,3,0,0,0
442946,OBLIQUE,4,4,CORRECT,SWAPPED,0,4,0,0,0
443248,REAR,4,4,CORRECT,SWAPPED,0,4,0,0,0
443283,OBLIQUE,3,3,CORRECT,SWAPPED,0,3,0,0,0
444129,REAR,3,3,CORRECT,SWAPPED,0,2,0,1,0
444415,OBLIQUE,2,2,CORRECT,SWAPPED,0,2,0,0,0
444711,OBLIQUE,2,2,CORRECT,SWAPPED,0,2,0,0,0
444794,OBLIQUE,2,2,CORRECT,SWAPPED,0,1,0,0,1
444800,PROFILE,3,3,CORRECT,SWAPPED,0,2,0,1,0
445315,OBLIQUE,4,4,CORRECT,SWAPPED,0,3,0,0,1
445492,REAR,4,4,CORRECT,SWAPPED,0,3,0,0,1
445496,OBLIQUE,1,3,CORRECT,SWAPPED,0,1,0,0,2
446017,REAR,2,2,CORRECT,SWAPPED,0,2,0,0,0
446087,OBLIQUE,4,4,CORRECT,SWAPPED,0,4,0,0,0
446446,REAR,4,4,CORRECT,SWAPPED,0,3,0,0,1
446456,REAR,4,4,CORRECT,SWAPPED,0,4,0,0,0
447061,REAR,3,3,CORRECT,SWAPPED,0,2,0,0,1
447115,OBLIQUE,4,4,CORRECT,SWAPPED,0,4,0,0,0
447686,OBLIQUE,3,3,CORRECT,SWAPPED,0,2,0,0,1
447701,PROFILE,2,2,CORRECT,SWAPPED,0,2,0,0,0
447753,PROFILE,3,3,CORRECT,SWAPPED,0,2,0,1,0
448392,REAR,3,3,CORRECT,SWAPPED,0,3,0,0,0
448505,REAR,3,3,CORRECT,SWAPPED,0,3,0,0,0
448741,PROFILE,2,2,CORRECT,SWAPPED,0,2,0,0,0
449078,OBLIQUE,4,4,CORRECT,SWAPPED,0,4,0,0,0
449097,REAR,4,4,CORRECT,SWAPPED,0,4,0,0,0
449173,PROFILE,2,2,CORRECT,SWAPPED,0,2,0,0,0
449503,OBLIQUE,4,4,CORRECT,SWAPPED,0,4,0,0,0
449523,REAR,4,4,CORRECT,SWAPPED,0,4,0,0,0
450170,PROFILE,4,4,CORRECT,SWAPPED,0,2,0,2,0
451097,PROFILE,3,3,CORRECT,SWAPPED,0,3,0,0,0
451122,OBLIQUE,1,1,NO_SIGNAL,NO_SIGNAL,0,0,0,1,0
451372,OBLIQUE,4,4,INCONSISTENT,INCONSISTENT,0,4,0,0,0
451797,REAR,2,2,CORRECT,SWAPPED,0,2,0,0,0
452210,REAR,4,4,CORRECT,SWAPPED,0,2,0,2,0
452583,OBLIQUE,3,3,CORRECT,SWAPPED,0,3,0,0,0
452992,OBLIQUE,3,3,CORRECT,SWAPPED,0,1,0,0,2
453092,REAR,3,3,SWAPPED,CORRECT,1,2,0,1,0
453554,OBLIQUE,4,4,CORRECT,SWAPPED,0,2,0,1,1
453741,REAR,2,2,CORRECT,SWAPPED,0,2,0,0,0
454038,OBLIQUE,3,3,CORRECT,SWAPPED,0,3,0,0,0
454423,OBLIQUE,3,3,CORRECT,SWAPPED,0,3,0,0,0
454700,REAR,4,4,CORRECT,SWAPPED,0,4,0,0,0
454709,REAR,3,3,CORRECT,SWAPPED,0,3,0,0,0
455360,REAR,1,1,CORRECT,SWAPPED,0,1,0,0,0
455593,REAR,4,4,INCONSISTENT,INCONSISTENT,0,4,0,0,0
455635,REAR,3,2,CORRECT,SWAPPED,0,1,0,1,0
457389,REAR,3,3,CORRECT,SWAPPED,0,3,0,0,0
457653,OBLIQUE,4,4,CORRECT,SWAPPED,0,4,0,0,0
457916,REAR,1,1,CORRECT,SWAPPED,0,1,0,0,0
458241,PROFILE,2,2,CORRECT,SWAPPED,0,1,0,1,0
459049,PROFILE,4,4,CORRECT,SWAPPED,0,3,0,1,0
459085,OBLIQUE,4,4,CORRECT,SWAPPED,0,3,0,1,0
459131,REAR,2,2,CORRECT,SWAPPED,0,2,0,0,0
459303,OBLIQUE,3,3,CORRECT,SWAPPED,0,3,0,0,0
459358,REAR,2,2,CORRECT,SWAPPED,0,2,0,0,0
459611,OBLIQUE,4,4,INCONSISTENT,INCONSISTENT,1,4,0,0,0
460212,OBLIQUE,4,4,CORRECT,SWAPPED,0,2,0,2,0
460342,REAR,4,4,NO_SIGNAL,NO_SIGNAL,0,0,0,0,4
460450,OBLIQUE,2,2,CORRECT,SWAPPED,0,2,0,0,0
460541,OBLIQUE,4,4,CORRECT,SWAPPED,0,4,0,0,0
460897,OBLIQUE,2,2,INCONSISTENT,INCONSISTENT,0,2,0,0,0
461267,REAR,4,4,CORRECT,SWAPPED,0,2,0,0,2
461614,OBLIQUE,4,4,CORRECT,SWAPPED,0,4,0,0,0
461635,REAR,4,4,CORRECT,SWAPPED,0,4,0,0,0
461736,REAR,3,3,CORRECT,SWAPPED,0,3,0,0,0
462099,OBLIQUE,4,4,CORRECT,SWAPPED,0,2,0,2,0
462129,OBLIQUE,4,4,CORRECT,SWAPPED,0,4,0,0,0
462535,OBLIQUE,3,3,CORRECT,SWAPPED,0,2,0,1,0
462820,OBLIQUE,4,4,CORRECT,SWAPPED,0,1,0,3,0
462921,OBLIQUE,2,2,CORRECT,SWAPPED,0,1,0,1,0
463052,REAR,1,1,CORRECT,SWAPPED,0,1,0,0,0
463106,REAR,3,3,CORRECT,SWAPPED,0,3,0,0,0
463291,OBLIQUE,3,3,CORRECT,SWAPPED,0,2,0,1,0
463569,OBLIQUE,4,4,CORRECT,SWAPPED,0,2,0,2,0
464186,REAR,3,3,CORRECT,SWAPPED,0,3,0,0,0
464298,OBLIQUE,3,3,SWAPPED,CORRECT,1,1,0,2,0
465064,OBLIQUE,3,3,CORRECT,SWAPPED,0,2,0,0,1
465357,REAR,3,3,CORRECT,SWAPPED,0,3,0,0,0
465471,PROFILE,4,4,CORRECT,SWAPPED,0,3,0,1,0
465979,OBLIQUE,3,3,CORRECT,SWAPPED,0,3,0,0,0
466161,OBLIQUE,4,4,CORRECT,SWAPPED,0,4,0,0,0
466585,REAR,2,2,NO_SIGNAL,NO_SIGNAL,0,0,0,2,0
466750,REAR,3,3,CORRECT,SWAPPED,0,2,0,1,0
467182,OBLIQUE,3,3,CORRECT,SWAPPED,0,1,0,2,0
467327,OBLIQUE,2,2,CORRECT,SWAPPED,0,2,0,0,0
467372,OBLIQUE,1,1,CORRECT,SWAPPED,1,1,0,0,0
467566,OBLIQUE,4,3,CORRECT,SWAPPED,0,3,0,0,0
467588,REAR,3,3,CORRECT,SWAPPED,0,3,0,0,0
467968,REAR,4,4,CORRECT,SWAPPED,0,4,0,0,0
468605,OBLIQUE,4,4,CORRECT,SWAPPED,0,4,0,0,0
468900,REAR,2,2,CORRECT,SWAPPED,0,2,0,0,0
469105,OBLIQUE,4,3,CORRECT,SWAPPED,0,2,0,1,0
469126,OBLIQUE,1,1,NO_SIGNAL,NO_SIGNAL,0,0,0,0,1
469201,PROFILE,4,4,CORRECT,SWAPPED,0,4,0,0,0
469367,OBLIQUE,2,2,CORRECT,SWAPPED,0,2,0,0,0
469408,OBLIQUE,4,3,CORRECT,SWAPPED,0,1,0,1,1
469488,OBLIQUE,4,4,CORRECT,SWAPPED,0,4,0,0,0
469614,REAR,4,4,CORRECT,SWAPPED,0,3,0,1,0
469806,OBLIQUE,3,3,CORRECT,SWAPPED,0,2,0,1,0
470070,OBLIQUE,3,3,CORRECT,SWAPPED,0,1,0,2,0
470457,OBLIQUE,4,4,CORRECT,SWAPPED,0,4,0,0,0
471070,OBLIQUE,4,4,CORRECT,SWAPPED,0,2,0,2,0
471260,OBLIQUE,4,4,CORRECT,SWAPPED,0,4,0,0,0
471411,OBLIQUE,3,3,CORRECT,SWAPPED,0,2,0,1,0
471975,REAR,2,2,CORRECT,SWAPPED,0,2,0,0,0
472020,REAR,1,1,NO_SIGNAL,NO_SIGNAL,0,0,0,0,1
472373,OBLIQUE,3,3,CORRECT,SWAPPED,0,3,0,0,0
472619,OBLIQUE,4,4,CORRECT,SWAPPED,0,4,0,0,0
472656,REAR,3,2,CORRECT,SWAPPED,0,2,0,0,0
472775,REAR,2,2,CORRECT,SWAPPED,0,2,0,0,0
473140,REAR,3,3,CORRECT,SWAPPED,0,3,0,0,0
473391,REAR,4,4,CORRECT,SWAPPED,0,1,0,0,3
473482,OBLIQUE,2,2,NO_SIGNAL,NO_SIGNAL,0,0,0,1,1
473712,PROFILE,4,4,CORRECT,SWAPPED,0,4,0,0,0
473873,REAR,3,3,CORRECT,SWAPPED,0,2,0,1,0
473918,OBLIQUE,4,4,CORRECT,SWAPPED,0,4,0,0,0
473979,REAR,3,3,CORRECT,SWAPPED,0,3,0,0,0
474056,OBLIQUE,4,4,CORRECT,SWAPPED,0,4,0,0,0
474120,OBLIQUE,4,4,CORRECT,SWAPPED,0,4,0,0,0
474561,OBLIQUE,4,4,CORRECT,SWAPPED,0,4,0,0,0
475132,OBLIQUE,3,3,CORRECT,SWAPPED,0,3,0,0,0
475362,OBLIQUE,4,4,CORRECT,SWAPPED,0,4,0,0,0
475816,REAR,2,2,CORRECT,SWAPPED,0,2,0,0,0
476239,OBLIQUE,3,3,CORRECT,SWAPPED,0,3,0,0,0
477002,REAR,4,4,CORRECT,SWAPPED,0,3,0,1,0
477030,REAR,3,3,CORRECT,SWAPPED,0,3,0,0,0
477234,OBLIQUE,4,4,CORRECT,SWAPPED,0,3,0,0,1
478354,OBLIQUE,3,3,CORRECT,SWAPPED,0,3,0,0,0
478920,OBLIQUE,3,3,CORRECT,SWAPPED,0,3,0,0,0
479066,OBLIQUE,4,4,CORRECT,SWAPPED,0,2,0,2,0
479129,OBLIQUE,4,4,CORRECT,SWAPPED,0,4,0,0,0
479186,PROFILE,3,3,CORRECT,SWAPPED,0,1,0,2,0
479362,REAR,4,4,CORRECT,SWAPPED,0,4,0,0,0
479751,REAR,4,4,CORRECT,SWAPPED,0,4,0,0,0
479793,OBLIQUE,3,3,CORRECT,SWAPPED,0,2,0,1,0
480351,OBLIQUE,3,3,CORRECT,SWAPPED,0,3,0,0,0
480399,PROFILE,2,2,CORRECT,SWAPPED,0,2,0,0,0
480711,OBLIQUE,4,4,CORRECT,SWAPPED,0,4,0,0,0
481237,PROFILE,3,3,CORRECT,SWAPPED,0,2,0,1,0
481975,REAR,3,3,CORRECT,SWAPPED,0,1,0,2,0
482173,REAR,3,3,CORRECT,SWAPPED,0,3,0,0,0
482458,OBLIQUE,4,3,CORRECT,SWAPPED,0,1,0,0,2
483466,PROFILE,3,3,CORRECT,SWAPPED,0,2,0,1,0
483505,REAR,3,3,CORRECT,SWAPPED,0,3,0,0,0
483604,OBLIQUE,4,4,CORRECT,SWAPPED,0,4,0,0,0
483843,REAR,2,2,CORRECT,SWAPPED,0,2,0,0,0
483933,REAR,1,1,CORRECT,SWAPPED,0,1,0,0,0
483966,OBLIQUE,2,2,INCONSISTENT,INCONSISTENT,0,2,0,0,0
484052,PROFILE,1,2,NO_SIGNAL,NO_SIGNAL,0,0,0,0,2
484807,OBLIQUE,2,2,CORRECT,SWAPPED,0,2,0,0,0
484844,OBLIQUE,2,2,CORRECT,SWAPPED,0,2,0,0,0
486087,OBLIQUE,2,2,CORRECT,SWAPPED,0,1,0,1,0
486282,REAR,2,2,CORRECT,SWAPPED,0,2,0,0,0
487308,OBLIQUE,3,3,CORRECT,SWAPPED,0,3,0,0,0
487409,OBLIQUE,4,4,CORRECT,SWAPPED,0,4,0,0,0
487727,OBLIQUE,4,4,CORRECT,SWAPPED,0,4,0,0,0
488308,PROFILE,2,2,CORRECT,SWAPPED,0,1,0,1,0
488346,OBLIQUE,3,3,INCONSISTENT,INCONSISTENT,1,3,0,0,0
488647,REAR,3,3,CORRECT,SWAPPED,0,3,0,0,0
488697,OBLIQUE,4,4,CORRECT,SWAPPED,0,2,0,2,0
488712,REAR,3,3,CORRECT,SWAPPED,0,3,0,0,0
489768,OBLIQUE,4,4,CORRECT,SWAPPED,0,4,0,0,0
490210,OBLIQUE,4,4,CORRECT,SWAPPED,0,4,0,0,0
490428,OBLIQUE,3,3,CORRECT,SWAPPED,0,1,0,2,0
490951,PROFILE,2,2,CORRECT,SWAPPED,0,1,0,1,0
491328,REAR,3,3,CORRECT,SWAPPED,0,3,0,0,0
492174,OBLIQUE,3,3,CORRECT,SWAPPED,0,3,0,0,0
492205,PROFILE,4,4,CORRECT,SWAPPED,0,2,0,0,2
492474,REAR,2,2,CORRECT,SWAPPED,0,2,0,0,0
492613,PROFILE,4,4,CORRECT,SWAPPED,0,4,0,0,0
493153,OBLIQUE,3,3,CORRECT,SWAPPED,0,3,0,0,0
493371,OBLIQUE,4,4,CORRECT,SWAPPED,0,4,0,0,0
493455,REAR,3,3,CORRECT,SWAPPED,0,3,0,0,0
493807,OBLIQUE,2,2,NO_SIGNAL,NO_SIGNAL,0,0,0,2,0
493908,REAR,4,4,CORRECT,SWAPPED,0,2,0,2,0
494213,REAR,4,4,CORRECT,SWAPPED,0,2,0,2,0
494456,REAR,4,3,CORRECT,SWAPPED,0,2,0,1,0
495199,REAR,3,4,CORRECT,SWAPPED,0,3,0,0,1
495624,PROFILE,4,4,CORRECT,SWAPPED,0,2,0,2,0
496537,REAR,3,3,CORRECT,SWAPPED,0,3,0,0,0
496953,REAR,2,2,CORRECT,SWAPPED,0,2,0,0,0
498500,REAR,2,2,CORRECT,SWAPPED,0,2,0,0,0
499098,REAR,2,2,CORRECT,SWAPPED,0,2,0,0,0
499851,PROFILE,1,1,CORRECT,SWAPPED,0,1,0,0,0
500446,PROFILE,2,2,CORRECT,SWAPPED,0,2,0,0,0
501136,REAR,3,3,CORRECT,SWAPPED,0,2,0,1,0
501462,REAR,4,4,CORRECT,SWAPPED,0,4,0,0,0
502158,PROFILE,3,3,CORRECT,SWAPPED,0,3,0,0,0
502588,REAR,3,3,CORRECT,SWAPPED,0,3,0,0,0
504367,REAR,4,3,NO_SIGNAL,NO_SIGNAL,0,0,0,3,0
505251,REAR,3,3,CORRECT,SWAPPED,0,3,0,0,0
506412,REAR,4,4,CORRECT,SWAPPED,0,1,0,3,0
507402,REAR,4,4,CORRECT,SWAPPED,0,4,0,0,0
507434,REAR,4,4,NO_SIGNAL,NO_SIGNAL,0,0,0,0,4
507939,REAR,2,2,CORRECT,SWAPPED,0,2,0,0,0
510340,REAR,4,4,CORRECT,SWAPPED,0,4,0,0,0
512187,REAR,4,4,CORRECT,SWAPPED,0,3,0,0,1
512580,REAR,4,4,CORRECT,SWAPPED,0,4,0,0,0
514270,PROFILE,4,4,CORRECT,SWAPPED,0,4,0,0,0
514382,PROFILE,4,4,CORRECT,SWAPPED,0,4,0,0,0
515063,REAR,4,4,CORRECT,SWAPPED,0,4,0,0,0
517783,PROFILE,3,3,CORRECT,SWAPPED,0,3,0,0,0
518898,REAR,3,3,CORRECT,SWAPPED,0,3,0,0,0
521171,REAR,4,4,CORRECT,SWAPPED,0,2,0,0,2
524685,REAR,3,3,CORRECT,SWAPPED,0,3,0,0,0
525513,REAR,3,3,CORRECT,SWAPPED,0,1,0,0,2
528736,REAR,2,2,NO_SIGNAL,NO_SIGNAL,0,0,0,2,0
529278,PROFILE,4,4,CORRECT,SWAPPED,0,4,0,0,0
530761,REAR,4,4,CORRECT,SWAPPED,0,4,0,0,0
530981,PROFILE,4,4,CORRECT,SWAPPED,0,4,0,0,0
533014,REAR,4,4,CORRECT,SWAPPED,0,3,0,1,0
535705,REAR,1,1,NO_SIGNAL,NO_SIGNAL,0,0,0,0,1
537310,REAR,4,4,CORRECT,SWAPPED,0,2,0,0,2
538020,REAR,4,4,CORRECT,SWAPPED,0,4,0,0,0
538502,REAR,2,2,CORRECT,SWAPPED,0,2,0,0,0
539235,REAR,3,3,CORRECT,SWAPPED,0,1,0,1,1
540161,REAR,3,3,CORRECT,SWAPPED,0,3,0,0,0
541255,REAR,3,3,CORRECT,SWAPPED,0,3,0,0,0
542658,REAR,1,1,CORRECT,SWAPPED,0,1,0,0,0
544087,REAR,2,2,CORRECT,SWAPPED,0,2,0,0,0
544105,REAR,2,2,SWAPPED,CORRECT,1,2,0,0,0
544122,PROFILE,4,4,CORRECT,SWAPPED,0,2,0,2,0
544170,REAR,3,3,CORRECT,SWAPPED,0,3,0,0,0
544290,REAR,2,2,CORRECT,SWAPPED,0,2,0,0,0
562976,PROFILE,1,1,CORRECT,SWAPPED,0,1,0,0,0
1212963,PROFILE,3,3,CORRECT,SWAPPED,0,3,0,0,0
1220408,PROFILE,4,4,CORRECT,SWAPPED,0,4,0,0,0
1221093,PROFILE,3,3,NO_SIGNAL,NO_SIGNAL,0,0,0,3,0
1226248,PROFILE,2,2,CORRECT,SWAPPED,0,2,0,0,0
1254993,PROFILE,2,2,CORRECT,SWAPPED,0,2,0,0,0
1257628,PROFILE,1,1,CORRECT,SWAPPED,0,1,0,0,0
1257711,PROFILE,1,1,NO_SIGNAL,NO_SIGNAL,1,0,0,0,1
1274518,PROFILE,3,3,CORRECT,SWAPPED,0,3,0,0,0
1276280,PROFILE,3,3,CORRECT,SWAPPED,0,3,0,0,0
1292562,PROFILE,4,4,CORRECT,SWAPPED,0,4,0,0,0
1295366,PROFILE,4,4,CORRECT,SWAPPED,0,2,0,1,1
1296825,PROFILE,3,3,NO_SIGNAL,NO_SIGNAL,0,0,0,3,0
1323213,PROFILE,1,1,CORRECT,SWAPPED,0,1,0,0,0
1695700,PROFILE,4,4,CORRECT,SWAPPED,0,2,0,2,0
1712146,PROFILE,4,4,CORRECT,SWAPPED,0,4,0,0,0
1712950,PROFILE,3,3,CORRECT,SWAPPED,0,2,0,0,1
1717033,PROFILE,3,3,CORRECT,SWAPPED,0,2,0,1,0
1733037,PROFILE,2,2,NO_SIGNAL,NO_SIGNAL,0,0,0,2,0
1745053,PROFILE,1,1,CORRECT,SWAPPED,0,1,0,0,0
1748961,PROFILE,3,3,CORRECT,SWAPPED,0,1,0,1,1
1750838,PROFILE,3,3,CORRECT,SWAPPED,0,1,0,1,1
2154764,PROFILE,2,2,CORRECT,SWAPPED,0,1,0,1,0
2155556,PROFILE,3,3,CORRECT,SWAPPED,0,1,0,2,0
2155643,PROFILE,4,4,CORRECT,SWAPPED,0,4,0,0,0
2156784,PROFILE,4,4,CORRECT,SWAPPED,0,4,0,0,0
2158053,PROFILE,4,4,CORRECT,SWAPPED,0,4,0,0,0
2160596,PROFILE,4,4,CORRECT,SWAPPED,0,4,0,0,0
2163489,PROFILE,4,4,CORRECT,SWAPPED,0,4,0,0,0
